{"authorDailyContributionsMap":{"Laura Heels":[{"date":"2022-07-20","commitResults":[{"hash":"34e3bd1d5b982eac13582a5edf6415fd5fcc40a8","messageTitle":"initialise coursework","messageBody":"","fileTypesAndContributionMap":{"python":{"insertions":0,"deletions":0}}}]}],"Student A":[{"date":"2022-07-20","commitResults":[{"hash":"b9c261100e6ef1681c6f2b2ad8573d4486379b93","messageTitle":"work in progress","messageBody":"","fileTypesAndContributionMap":{"python":{"insertions":1,"deletions":0}}},{"hash":"961a80bd3f26e0e7ce50662e074e05a09f8fe2f1","messageTitle":"work in progress","messageBody":"","fileTypesAndContributionMap":{}},{"hash":"929bfa2eabcb70c5f7210eacbcb67e26cb73d30e","messageTitle":"work in progress","messageBody":"","fileTypesAndContributionMap":{}}]}]},"authorFileTypeContributionMap":{"Laura Heels":{},"Student A":{"python":1}},"authorContributionVariance":{"Laura Heels":0.0,"Student A":0.0027322199},"authorDisplayNameMap":{"Laura Heels":"Laura Heels","Student A":"Student A"}}
