{"authorDailyContributionsMap":{"Laura Heels":[{"date":"2022-04-02","commitResults":[{"hash":"80eed93993d4db2585d9aff060669fac34004364","messageTitle":"initialise coursework","messageBody":"","fileTypesAndContributionMap":{"python":{"insertions":0,"deletions":0}}},{"hash":"ea6001319c58e6a26f9563527f03295c457f45aa","messageTitle":"work in progress","messageBody":"","fileTypesAndContributionMap":{"python":{"insertions":1,"deletions":0}}}]},{"date":"2022-04-19","commitResults":[{"hash":"8a50eba51f19d804c21f2397a9230148616daa1b","messageTitle":"work in progress","messageBody":"","fileTypesAndContributionMap":{}},{"hash":"8b7d2ff92aa18631f9f462d27a35a970a7530884","messageTitle":"work in progress","messageBody":"","fileTypesAndContributionMap":{}},{"hash":"bbf15eafbfd36b39e9504c9ee7d29e5f2a61ff05","messageTitle":"work in progress","messageBody":"","fileTypesAndContributionMap":{}}]}]},"authorFileTypeContributionMap":{"Laura Heels":{"python":1}},"authorContributionVariance":{"Laura Heels":0.004310262},"authorDisplayNameMap":{"Laura Heels":"Laura Heels"}}
