{"authorDailyContributionsMap":{"Laura Heels":[{"date":"2022-04-02","commitResults":[{"hash":"80eed93993d4db2585d9aff060669fac34004364","messageTitle":"initialise coursework","messageBody":"","fileTypesAndContributionMap":{"python":{"insertions":0,"deletions":0}}},{"hash":"ea6001319c58e6a26f9563527f03295c457f45aa","messageTitle":"work in progress","messageBody":"","fileTypesAndContributionMap":{"python":{"insertions":1,"deletions":0}}}]}]},"authorFileTypeContributionMap":{"Laura Heels":{"python":1}},"authorContributionVariance":{"Laura Heels":0.0027322199},"authorDisplayNameMap":{"Laura Heels":"Laura Heels"}}
