{"authorDailyContributionsMap":{"Laura Heels":[{"date":"2022-05-15","commitResults":[{"hash":"9c836e2f37d4a05b2b727c0852c979a9b5be7fd4","messageTitle":"initialise coursework","messageBody":"","fileTypesAndContributionMap":{"python":{"insertions":0,"deletions":0}}},{"hash":"3b4812a88d42f2beddb5fe0459210d996ea14ec8","messageTitle":"work in progress","messageBody":"","fileTypesAndContributionMap":{}}]}]},"authorFileTypeContributionMap":{"Laura Heels":{}},"authorContributionVariance":{"Laura Heels":0.0},"authorDisplayNameMap":{"Laura Heels":"Laura Heels"}}
