{"authorDailyContributionsMap":{"Laura Heels":[{"date":"2022-04-02","commitResults":[{"hash":"24cc63ef5e9178ec6dab853aac94bc6f6f9545a1","messageTitle":"initialise coursework","messageBody":"","fileTypesAndContributionMap":{"python":{"insertions":0,"deletions":0}}},{"hash":"0b2db0959964bd56e900604e7386e56a7d6df26a","messageTitle":"work in progress","messageBody":"","fileTypesAndContributionMap":{"python":{"insertions":1,"deletions":0}}},{"hash":"2b5e40358d3e8805ebd1e19dd372e5ff9a1696dd","messageTitle":"work in progress","messageBody":"","fileTypesAndContributionMap":{}}]}]},"authorFileTypeContributionMap":{"Laura Heels":{"python":1}},"authorContributionVariance":{"Laura Heels":0.0027322199},"authorDisplayNameMap":{"Laura Heels":"Laura Heels"}}
