{"authorDailyContributionsMap":{"Laura Heels":[{"date":"2022-05-15","commitResults":[{"hash":"e442256fed05ca1f3fe121c71bd063c0146b06b8","messageTitle":"initialise coursework","messageBody":"","fileTypesAndContributionMap":{"python":{"insertions":0,"deletions":0}}}]}],"Student A":[{"date":"2022-05-15","commitResults":[{"hash":"e5f62449c7dba04f1b95b117ea9d378ef970d2f9","messageTitle":"work in progress","messageBody":"","fileTypesAndContributionMap":{"python":{"insertions":1,"deletions":0}}},{"hash":"59bd761a467b6dfc81ab7be969368f68122f9640","messageTitle":"work in progress","messageBody":"","fileTypesAndContributionMap":{"python":{"insertions":1,"deletions":1}}}]}]},"authorFileTypeContributionMap":{"Laura Heels":{},"Student A":{"python":1}},"authorContributionVariance":{"Laura Heels":0.0,"Student A":0.024589978},"authorDisplayNameMap":{"Laura Heels":"Laura Heels","Student A":"Student A"}}
