{"authorDailyContributionsMap":{"Laura Heels":[{"date":"2022-04-02","commitResults":[{"hash":"d8784226908e057d70a42c1675060dc18f24e55e","messageTitle":"initialise coursework","messageBody":"","fileTypesAndContributionMap":{"python":{"insertions":0,"deletions":0}}},{"hash":"0171833fd6195aee10294f63c00f42bc8ed457f1","messageTitle":"work in progress","messageBody":"","fileTypesAndContributionMap":{"python":{"insertions":1,"deletions":0}}}]}]},"authorFileTypeContributionMap":{"Laura Heels":{"python":1}},"authorContributionVariance":{"Laura Heels":0.0030959453},"authorDisplayNameMap":{"Laura Heels":"Laura Heels"}}
