{"authorDailyContributionsMap":{"Laura Heels":[{"date":"2022-01-20","commitResults":[{"hash":"42f11953547f44483e0d0b7e6978e54d700c9aaf","messageTitle":"initialise coursework","messageBody":"","fileTypesAndContributionMap":{"python":{"insertions":0,"deletions":0}}},{"hash":"28c9cc6a7a9c8ed620d221aec8ca17eaec768659","messageTitle":"work in progress","messageBody":"","fileTypesAndContributionMap":{}},{"hash":"b615acf45ed805cba59648504b5d3dcec64f5fb4","messageTitle":"work in progress","messageBody":"","fileTypesAndContributionMap":{"python":{"insertions":1,"deletions":0}}},{"hash":"db8456a72a078d4e9127670f1c18889efafbc55b","messageTitle":"work in progress","messageBody":"","fileTypesAndContributionMap":{}}]}]},"authorFileTypeContributionMap":{"Laura Heels":{"python":1}},"authorContributionVariance":{"Laura Heels":8.9525443E-4},"authorDisplayNameMap":{"Laura Heels":"Laura Heels"}}
