{"repoSenseVersion":"a4ee1877a9","reportGeneratedTime":"Sat Apr 2 16:16:12 2022 UTC","reportGenerationTime":" 1.11 second(s)","zoneId":"Etc/UTC","reportTitle":"RepoSense Report","repos":[{"location":{"location":"https://github.com/phdheels/cswk31.git","repoName":"cswk31","organization":"phdheels"},"branch":"main","displayName":"phdheels/cswk31[main]","outputFolderName":"phdheels_cswk31_main"},{"location":{"location":"https://github.com/phdheels/cswk32.git","repoName":"cswk32","organization":"phdheels"},"branch":"main","displayName":"phdheels/cswk32[main]","outputFolderName":"phdheels_cswk32_main"},{"location":{"location":"https://github.com/phdheels/cswk30-32.git","repoName":"cswk30-32","organization":"phdheels"},"branch":"main","displayName":"phdheels/cswk30-32[main]","outputFolderName":"phdheels_cswk30-32_main"}],"errorSet":[],"sinceDate":"2021-04-03","untilDate":"2022-04-02","isSinceDateProvided":false,"isUntilDateProvided":false}
