{"repoSenseVersion":"a4ee1877a9","reportGeneratedTime":"Sat Apr 2 15:56:42 2022 UTC","reportGenerationTime":" 1.31 second(s)","zoneId":"Etc/UTC","reportTitle":"RepoSense Report","repos":[{"location":{"location":"https://github.com/phdheels/cswk31.git","repoName":"cswk31","organization":"phdheels"},"branch":"main","displayName":"phdheels/cswk31[main]","outputFolderName":"phdheels_cswk31_main"},{"location":{"location":"https://github.com/phdheels/cswk32.git","repoName":"cswk32","organization":"phdheels"},"branch":"main","displayName":"phdheels/cswk32[main]","outputFolderName":"phdheels_cswk32_main"}],"errorSet":[],"sinceDate":"2021-04-03","untilDate":"2022-04-02","isSinceDateProvided":false,"isUntilDateProvided":false}
