{"repoSenseVersion":"a4ee1877a9","reportGeneratedTime":"Sat Apr 2 15:17:04 2022 UTC","reportGenerationTime":" 0.65 second(s)","zoneId":"Etc/UTC","reportTitle":"RepoSense Report","repos":[{"location":{"location":"https://github.com/phdheels/cswk31.git","repoName":"cswk31","organization":"phdheels"},"branch":"main","displayName":"phdheels/cswk31[main]","outputFolderName":"phdheels_cswk31_main"}],"errorSet":[],"sinceDate":"2022-03-02","untilDate":"2022-04-02","isSinceDateProvided":false,"isUntilDateProvided":false}
