{"repoSenseVersion":"a4ee1877a9","reportGeneratedTime":"Sat Apr 2 16:04:22 2022 UTC","reportGenerationTime":" 0.70 second(s)","zoneId":"Etc/UTC","reportTitle":"RepoSense Report","repos":[{"location":{"location":"https://github.com/phdheels/cswk31.git","repoName":"cswk31","organization":"phdheels"},"branch":"main","displayName":"phdheels/cswk31[main]","outputFolderName":"phdheels_cswk31_main"},{"location":{"location":"https://github.com/phdheels/cswk33.git","repoName":"cswk33","organization":"phdheels"},"branch":"main","displayName":"phdheels/cswk33[main]","outputFolderName":"phdheels_cswk33_main"}],"errorSet":[],"sinceDate":"2021-04-03","untilDate":"2022-04-02","isSinceDateProvided":false,"isUntilDateProvided":false}
