{"repoSenseVersion":"605fe461f0","reportGeneratedTime":"Sun May 15 13:11:16 2022 UTC","reportGenerationTime":" 1.87 second(s)","zoneId":"Etc/UTC","reportTitle":"RepoSense Report","repos":[{"location":{"location":"https://github.com/phdheels/cswk30-32.git","repoName":"cswk30-32","organization":"phdheels","domainName":"github"},"branch":"main","displayName":"phdheels/cswk30-32[main]","outputFolderName":"phdheels_cswk30-32_main"},{"location":{"location":"https://github.com/phdheels/cswk32-34.git","repoName":"cswk32-34","organization":"phdheels","domainName":"github"},"branch":"main","displayName":"phdheels/cswk32-34[main]","outputFolderName":"phdheels_cswk32-34_main"},{"location":{"location":"https://github.com/phdheels/cswk33-35.git","repoName":"cswk33-35","organization":"phdheels","domainName":"github"},"branch":"main","displayName":"phdheels/cswk33-35[main]","outputFolderName":"phdheels_cswk33-35_main"},{"location":{"location":"https://github.com/phdheels/cswk35-36.git","repoName":"cswk35-36","organization":"phdheels","domainName":"github"},"branch":"main","displayName":"phdheels/cswk35-36[main]","outputFolderName":"phdheels_cswk35-36_main"},{"location":{"location":"https://github.com/phdheels/cswk36-37.git","repoName":"cswk36-37","organization":"phdheels","domainName":"github"},"branch":"main","displayName":"phdheels/cswk36-37[main]","outputFolderName":"phdheels_cswk36-37_main"}],"errorSet":[],"sinceDate":"2021-05-16","untilDate":"2022-05-15","isSinceDateProvided":false,"isUntilDateProvided":false,"supportedDomainUrlMap":{"NOT_RECOGNIZED":{"BRANCH":"","REPO_URL":"UNSUPPORTED","BASE_URL":"UNSUPPORTED","HISTORY_PATH":"","COMMIT_PATH":"","BLAME_PATH":""},"github":{"BRANCH":"tree/$BRANCH","REPO_URL":"https://github.com/$ORGANIZATION/$REPO_NAME/","BASE_URL":"https://github.com/","HISTORY_PATH":"commits/$BRANCH/$FILE_PATH","COMMIT_PATH":"commit/$COMMIT_HASH","BLAME_PATH":"blame/$BRANCH/$FILE_PATH"}}}
