{"repoSenseVersion":"a4ee1877a9","reportGeneratedTime":"Tue Apr 19 12:41:08 2022 UTC","reportGenerationTime":" 1.35 second(s)","zoneId":"Etc/UTC","reportTitle":"RepoSense Report","repos":[{"location":{"location":"https://github.com/phdheels/cswk30-32.git","repoName":"cswk30-32","organization":"phdheels"},"branch":"main","displayName":"phdheels/cswk30-32[main]","outputFolderName":"phdheels_cswk30-32_main"},{"location":{"location":"https://github.com/phdheels/cswk32-34.git","repoName":"cswk32-34","organization":"phdheels"},"branch":"main","displayName":"phdheels/cswk32-34[main]","outputFolderName":"phdheels_cswk32-34_main"}],"errorSet":[],"sinceDate":"2021-04-20","untilDate":"2022-04-19","isSinceDateProvided":false,"isUntilDateProvided":false}
