{"repoSenseVersion":"07d6ce9e9c","reportGeneratedTime":"Wed Aug 31 20:00:07 2022 UTC","reportGenerationTime":" 2.04 second(s)","zoneId":"Etc/UTC","reportTitle":"RepoSense Report","repos":[{"location":{"location":"https://github.com/phdheels/cswk30-32.git","repoName":"cswk30-32","organization":"phdheels","domainName":"github"},"branch":"main","displayName":"phdheels/cswk30-32[main]","outputFolderName":"phdheels_cswk30-32_main"},{"location":{"location":"https://github.com/phdheels/cswk32-34.git","repoName":"cswk32-34","organization":"phdheels","domainName":"github"},"branch":"main","displayName":"phdheels/cswk32-34[main]","outputFolderName":"phdheels_cswk32-34_main"},{"location":{"location":"https://github.com/phdheels/cswk33-35.git","repoName":"cswk33-35","organization":"phdheels","domainName":"github"},"branch":"main","displayName":"phdheels/cswk33-35[main]","outputFolderName":"phdheels_cswk33-35_main"},{"location":{"location":"https://github.com/phdheels/cswk35-36.git","repoName":"cswk35-36","organization":"phdheels","domainName":"github"},"branch":"main","displayName":"phdheels/cswk35-36[main]","outputFolderName":"phdheels_cswk35-36_main"},{"location":{"location":"https://github.com/phdheels/cswk36-37.git","repoName":"cswk36-37","organization":"phdheels","domainName":"github"},"branch":"main","displayName":"phdheels/cswk36-37[main]","outputFolderName":"phdheels_cswk36-37_main"},{"location":{"location":"https://github.com/phdheels/cswk37-38.git","repoName":"cswk37-38","organization":"phdheels","domainName":"github"},"branch":"main","displayName":"phdheels/cswk37-38[main]","outputFolderName":"phdheels_cswk37-38_main"},{"location":{"location":"https://github.com/phdheels/cswk38-39.git","repoName":"cswk38-39","organization":"phdheels","domainName":"github"},"branch":"main","displayName":"phdheels/cswk38-39[main]","outputFolderName":"phdheels_cswk38-39_main"},{"location":{"location":"https://github.com/phdheels/cswk39-40.git","repoName":"cswk39-40","organization":"phdheels","domainName":"github"},"branch":"main","displayName":"phdheels/cswk39-40[main]","outputFolderName":"phdheels_cswk39-40_main"},{"location":{"location":"https://github.com/phdheels/cswk40-41.git","repoName":"cswk40-41","organization":"phdheels","domainName":"github"},"branch":"main","displayName":"phdheels/cswk40-41[main]","outputFolderName":"phdheels_cswk40-41_main"},{"location":{"location":"https://github.com/phdheels/cswk44-43.git","repoName":"cswk44-43","organization":"phdheels","domainName":"github"},"branch":"main","displayName":"phdheels/cswk44-43[main]","outputFolderName":"phdheels_cswk44-43_main"}],"errorSet":[],"sinceDate":"2021-09-01","untilDate":"2022-08-31","isSinceDateProvided":false,"isUntilDateProvided":false,"supportedDomainUrlMap":{"NOT_RECOGNIZED":{"BRANCH":"","REPO_URL":"UNSUPPORTED","BASE_URL":"UNSUPPORTED","HISTORY_PATH":"","COMMIT_PATH":"","BLAME_PATH":""},"github":{"BRANCH":"tree/$BRANCH","REPO_URL":"https://github.com/$ORGANIZATION/$REPO_NAME/","BASE_URL":"https://github.com/","HISTORY_PATH":"commits/$BRANCH/$FILE_PATH","COMMIT_PATH":"commit/$COMMIT_HASH","BLAME_PATH":"blame/$BRANCH/$FILE_PATH"}}}
