{"authorDailyContributionsMap":{"Laura Heels":[{"date":"2022-04-02","commitResults":[{"hash":"2a3e6f3a05f1cfe7ae6e38b574675b91aff2848d","messageTitle":"initialise coursework","messageBody":"","fileTypesAndContributionMap":{"python":{"insertions":0,"deletions":0}}},{"hash":"8028da2d554f85e457a35af403134b408cafc409","messageTitle":"work in progress","messageBody":"","fileTypesAndContributionMap":{"python":{"insertions":1,"deletions":0}}},{"hash":"ed4d3c468990830fc3c001387514613082e3147b","messageTitle":"work in progress","messageBody":"","fileTypesAndContributionMap":{}},{"hash":"2fab380015d522962ff653be195bfa62d2061a64","messageTitle":"work in progress","messageBody":"","fileTypesAndContributionMap":{}},{"hash":"e934b008bffab1fb95747c774c83cfa95d37b5c6","messageTitle":"work in progress","messageBody":"","fileTypesAndContributionMap":{}},{"hash":"7cd9d9b979c9b4c2530f58ef128e07ad5ae71f59","messageTitle":"work in progress","messageBody":"","fileTypesAndContributionMap":{}},{"hash":"99ac65af72612b387f3948f4b75b15198fea0fbe","messageTitle":"work in progress","messageBody":"","fileTypesAndContributionMap":{}}]}]},"authorFileTypeContributionMap":{"Laura Heels":{"python":1}},"authorContributionVariance":{"Laura Heels":0.0027322199},"authorDisplayNameMap":{"Laura Heels":"Laura Heels"}}
