{"authorDailyContributionsMap":{"Laura Heels":[{"date":"2022-08-31","commitResults":[{"hash":"41fad55d557d7a10b229bd5a16d94641494d8a08","messageTitle":"initialise coursework","messageBody":"","fileTypesAndContributionMap":{"python":{"insertions":0,"deletions":0}}}]}],"Student A":[{"date":"2022-08-31","commitResults":[{"hash":"320cf3991eb35a953afcf9d6cc656fceab68b1b5","messageTitle":"work in progress","messageBody":"","fileTypesAndContributionMap":{"python":{"insertions":1,"deletions":0}}},{"hash":"96aa7be5ca9161bc74257bc28e00e381491f8367","messageTitle":"work in progress","messageBody":"","fileTypesAndContributionMap":{}}]}],"Student B":[{"date":"2022-08-31","commitResults":[{"hash":"8d837885f84352cd7c700bcda5e049a885c651e2","messageTitle":"work in progress","messageBody":"","fileTypesAndContributionMap":{}},{"hash":"d7ea76ec6f71038708aaba790838c0436a36b1e6","messageTitle":"work in progress","messageBody":"","fileTypesAndContributionMap":{}}]}]},"authorFileTypeContributionMap":{"Laura Heels":{},"Student A":{"python":1},"Student B":{}},"authorContributionVariance":{"Laura Heels":0.0,"Student A":0.0027322199,"Student B":0.0},"authorDisplayNameMap":{"Laura Heels":"Laura Heels","Student A":"Student A","Student B":"Student B"}}
