{"authorDailyContributionsMap":{"Laura Heels":[{"date":"2022-05-15","commitResults":[{"hash":"fe92ce66d5ef626c3f1700fb5687c69c4eef4b74","messageTitle":"initialise coursework","messageBody":"","fileTypesAndContributionMap":{"python":{"insertions":0,"deletions":0}}},{"hash":"d9674b47478cb7daa30f62ee5a7c5d5402122488","messageTitle":"work in progress","messageBody":"","fileTypesAndContributionMap":{}},{"hash":"ccd71cf6fca890f94eed5cf2acd91522185f871d","messageTitle":"work in progress","messageBody":"","fileTypesAndContributionMap":{}}]}]},"authorFileTypeContributionMap":{"Laura Heels":{}},"authorContributionVariance":{"Laura Heels":0.0},"authorDisplayNameMap":{"Laura Heels":"Laura Heels"}}
