{"authorDailyContributionsMap":{"Laura Heels":[{"date":"2022-05-15","commitResults":[{"hash":"6457874d2670f23943ef065b2f55f0678bdf29e3","messageTitle":"initialise coursework","messageBody":"","fileTypesAndContributionMap":{"python":{"insertions":0,"deletions":0}}},{"hash":"3136bcfe15e75ff9efee92cecb72298699895643","messageTitle":"work in progress","messageBody":"","fileTypesAndContributionMap":{"python":{"insertions":1,"deletions":0}}},{"hash":"144628987216ea05f16171ad25f3297fb419a423","messageTitle":"work in progress","messageBody":"","fileTypesAndContributionMap":{}},{"hash":"8e93e4c17912baa19a28c257e06e011c7f4d1bf3","messageTitle":"work in progress","messageBody":"","fileTypesAndContributionMap":{}},{"hash":"17bfa8f68b48511fd49a80a4ffffaa9a11ad13b6","messageTitle":"work in progress","messageBody":"","fileTypesAndContributionMap":{}}]}]},"authorFileTypeContributionMap":{"Laura Heels":{"python":1}},"authorContributionVariance":{"Laura Heels":0.0027322199},"authorDisplayNameMap":{"Laura Heels":"Laura Heels"}}
