{"authorDailyContributionsMap":{"Laura Heels":[{"date":"2022-07-20","commitResults":[{"hash":"177e2b85f4bc5c2a273c1fa335f19ce209b0a9ca","messageTitle":"initialise coursework","messageBody":"","fileTypesAndContributionMap":{"python":{"insertions":0,"deletions":0}}}]}],"Student A":[{"date":"2022-07-20","commitResults":[{"hash":"22f9619bc38fe2f5cf297fb50356bf640dd09ba2","messageTitle":"work in progress","messageBody":"","fileTypesAndContributionMap":{"python":{"insertions":1,"deletions":0}}}]}]},"authorFileTypeContributionMap":{"Laura Heels":{},"Student A":{"python":1}},"authorContributionVariance":{"Laura Heels":0.0,"Student A":0.0027322199},"authorDisplayNameMap":{"Laura Heels":"Laura Heels","Student A":"Student A"}}
