{"authorDailyContributionsMap":{"Laura Heels":[{"date":"2022-07-20","commitResults":[{"hash":"c95a40d4a20225979ca07849c8ae4dc9853a9694","messageTitle":"initialise coursework","messageBody":"","fileTypesAndContributionMap":{"python":{"insertions":0,"deletions":0}}}]}],"Student A":[{"date":"2022-07-20","commitResults":[{"hash":"fa086a0ec44df728aa73da3a1d07afffa488737d","messageTitle":"work in progress","messageBody":"","fileTypesAndContributionMap":{"python":{"insertions":1,"deletions":0}}}]}]},"authorFileTypeContributionMap":{"Laura Heels":{},"Student A":{"python":1}},"authorContributionVariance":{"Laura Heels":0.0,"Student A":0.0030863902},"authorDisplayNameMap":{"Laura Heels":"Laura Heels","Student A":"Student A"}}
